Fold,R2
1,-0.020905155598530012
2,-0.027957167101218205
3,-0.03105204900339298
4,-0.033859299392690945
5,-0.03261187778406205
