Method,RMSE,R2
Raw,28678.795623159054,-0.002751114282053768
Scaled,28664.46696835362,-0.0017493647362538667
