Model,MAE,RMSE,R2
Linear,24755.639879268238,28600.75502311582,-0.003156733040670767
Random Forest,25102.7594965,29101.82061872993,-0.03861386300698344
SVM,24729.01078187237,28589.46274964842,-0.002364748082102075
