Feature,Importance
Bundle_Price,0.1351006308704491
Budget,0.13218335922197944
Clicks,0.1305714669443544
Conversions,0.12829617965023912
ROI,0.1241694565866296
Units_Sold,0.11975418260588018
Discount_Level,0.10434381949370904
Subscription_Length,0.09140635442413783
Customer_Satisfaction_Post_Refund,0.03417455020262126
