Model,MAE,RMSE,R2 Score
Linear Regression,24755.639879268238,28600.75502311582,-0.003156733040670767
Decision Tree,32435.309025,39847.63079837076,-0.9472369678521679
KNN,26306.885622,31259.187948100156,-0.198309989256364
